Metric,Value
mae1,2.0341349557522124
mae7,2.4002079646017696
